--
-- PostgreSQL database dump
--

\restrict u78w4Mc071w8GB4x9Awx30n3zoN9nG8NPcRke4AuVLKPToaTm0v7PCf7uxCI42c

-- Dumped from database version 18.3
-- Dumped by pg_dump version 18.3

SET statement_timeout = 0;
SET lock_timeout = 0;
SET idle_in_transaction_session_timeout = 0;
SET client_encoding = 'UTF8';
SET standard_conforming_strings = on;
SELECT pg_catalog.set_config('search_path', '', false);
SET check_function_bodies = false;
SET xmloption = content;
SET client_min_messages = warning;
SET row_security = off;

SET default_tablespace = '';

SET default_table_access_method = heap;

--
-- Name: __EFMigrationsHistory; Type: TABLE; Schema: public; Owner: postgres
--

CREATE TABLE public."__EFMigrationsHistory" (
    "MigrationId" character varying(150) NOT NULL,
    "ProductVersion" character varying(32) NOT NULL
);


ALTER TABLE public."__EFMigrationsHistory" OWNER TO postgres;

--
-- Name: application_logs; Type: TABLE; Schema: public; Owner: postgres
--

CREATE TABLE public.application_logs (
    id_application_log integer NOT NULL,
    action text NOT NULL,
    entity_type text NOT NULL,
    entity_id integer,
    user_id integer,
    details text NOT NULL,
    created_at timestamp with time zone NOT NULL,
    status character varying(50),
    error_message text
);


ALTER TABLE public.application_logs OWNER TO postgres;

--
-- Name: application_logs_id_application_log_seq; Type: SEQUENCE; Schema: public; Owner: postgres
--

ALTER TABLE public.application_logs ALTER COLUMN id_application_log ADD GENERATED BY DEFAULT AS IDENTITY (
    SEQUENCE NAME public.application_logs_id_application_log_seq
    START WITH 1
    INCREMENT BY 1
    NO MINVALUE
    NO MAXVALUE
    CACHE 1
);


--
-- Name: email_change_codes; Type: TABLE; Schema: public; Owner: postgres
--

CREATE TABLE public.email_change_codes (
    id_email_change_code integer NOT NULL,
    user_id integer NOT NULL,
    new_email character varying(100) NOT NULL,
    code character varying(6) NOT NULL,
    expires_at timestamp with time zone NOT NULL,
    is_used boolean NOT NULL
);


ALTER TABLE public.email_change_codes OWNER TO postgres;

--
-- Name: email_change_codes_id_email_change_code_seq; Type: SEQUENCE; Schema: public; Owner: postgres
--

ALTER TABLE public.email_change_codes ALTER COLUMN id_email_change_code ADD GENERATED BY DEFAULT AS IDENTITY (
    SEQUENCE NAME public.email_change_codes_id_email_change_code_seq
    START WITH 1
    INCREMENT BY 1
    NO MINVALUE
    NO MAXVALUE
    CACHE 1
);


--
-- Name: exercise; Type: TABLE; Schema: public; Owner: postgres
--

CREATE TABLE public.exercise (
    id_exercise integer NOT NULL,
    name text NOT NULL,
    description text,
    complexity text,
    picture_url text NOT NULL
);


ALTER TABLE public.exercise OWNER TO postgres;

--
-- Name: exercise_groups_muscles; Type: TABLE; Schema: public; Owner: postgres
--

CREATE TABLE public.exercise_groups_muscles (
    id_exercise_groups_muscle integer NOT NULL,
    exercise_id integer NOT NULL,
    groups_muscles_id integer NOT NULL
);


ALTER TABLE public.exercise_groups_muscles OWNER TO postgres;

--
-- Name: exercise_groups_muscles_id_exercise_groups_muscle_seq; Type: SEQUENCE; Schema: public; Owner: postgres
--

ALTER TABLE public.exercise_groups_muscles ALTER COLUMN id_exercise_groups_muscle ADD GENERATED BY DEFAULT AS IDENTITY (
    SEQUENCE NAME public.exercise_groups_muscles_id_exercise_groups_muscle_seq
    START WITH 1
    INCREMENT BY 1
    NO MINVALUE
    NO MAXVALUE
    CACHE 1
);


--
-- Name: exercise_id_exercise_seq; Type: SEQUENCE; Schema: public; Owner: postgres
--

ALTER TABLE public.exercise ALTER COLUMN id_exercise ADD GENERATED BY DEFAULT AS IDENTITY (
    SEQUENCE NAME public.exercise_id_exercise_seq
    START WITH 1
    INCREMENT BY 1
    NO MINVALUE
    NO MAXVALUE
    CACHE 1
);


--
-- Name: goals; Type: TABLE; Schema: public; Owner: postgres
--

CREATE TABLE public.goals (
    id_goal integer NOT NULL,
    type_goal text NOT NULL,
    target_weight real NOT NULL,
    date_start timestamp with time zone NOT NULL,
    date_end timestamp with time zone NOT NULL,
    status text NOT NULL
);


ALTER TABLE public.goals OWNER TO postgres;

--
-- Name: goals_id_goal_seq; Type: SEQUENCE; Schema: public; Owner: postgres
--

ALTER TABLE public.goals ALTER COLUMN id_goal ADD GENERATED BY DEFAULT AS IDENTITY (
    SEQUENCE NAME public.goals_id_goal_seq
    START WITH 1
    INCREMENT BY 1
    NO MINVALUE
    NO MAXVALUE
    CACHE 1
);


--
-- Name: groups_muscles; Type: TABLE; Schema: public; Owner: postgres
--

CREATE TABLE public.groups_muscles (
    id_groups_muscle integer NOT NULL,
    name text NOT NULL
);


ALTER TABLE public.groups_muscles OWNER TO postgres;

--
-- Name: groups_muscles_id_groups_muscle_seq; Type: SEQUENCE; Schema: public; Owner: postgres
--

ALTER TABLE public.groups_muscles ALTER COLUMN id_groups_muscle ADD GENERATED BY DEFAULT AS IDENTITY (
    SEQUENCE NAME public.groups_muscles_id_groups_muscle_seq
    START WITH 1
    INCREMENT BY 1
    NO MINVALUE
    NO MAXVALUE
    CACHE 1
);


--
-- Name: metrics_users; Type: TABLE; Schema: public; Owner: postgres
--

CREATE TABLE public.metrics_users (
    id_metrics_user integer NOT NULL,
    height real NOT NULL,
    weight real NOT NULL,
    age integer NOT NULL,
    gender text NOT NULL,
    experience_level text,
    activity_level text,
    "GoalId" integer NOT NULL
);


ALTER TABLE public.metrics_users OWNER TO postgres;

--
-- Name: metrics_users_id_metrics_user_seq; Type: SEQUENCE; Schema: public; Owner: postgres
--

ALTER TABLE public.metrics_users ALTER COLUMN id_metrics_user ADD GENERATED BY DEFAULT AS IDENTITY (
    SEQUENCE NAME public.metrics_users_id_metrics_user_seq
    START WITH 1
    INCREMENT BY 1
    NO MINVALUE
    NO MAXVALUE
    CACHE 1
);


--
-- Name: password_reset_token; Type: TABLE; Schema: public; Owner: postgres
--

CREATE TABLE public.password_reset_token (
    id_password_reset_token integer NOT NULL,
    user_id integer NOT NULL,
    token_hash text NOT NULL,
    expires_at timestamp with time zone NOT NULL,
    "IsUsed" boolean NOT NULL
);


ALTER TABLE public.password_reset_token OWNER TO postgres;

--
-- Name: password_reset_token_id_password_reset_token_seq; Type: SEQUENCE; Schema: public; Owner: postgres
--

ALTER TABLE public.password_reset_token ALTER COLUMN id_password_reset_token ADD GENERATED BY DEFAULT AS IDENTITY (
    SEQUENCE NAME public.password_reset_token_id_password_reset_token_seq
    START WITH 1
    INCREMENT BY 1
    NO MINVALUE
    NO MAXVALUE
    CACHE 1
);


--
-- Name: plan_workouts; Type: TABLE; Schema: public; Owner: postgres
--

CREATE TABLE public.plan_workouts (
    id_plan_workouts integer NOT NULL,
    user_id integer NOT NULL,
    workout_id integer NOT NULL,
    status text NOT NULL,
    source text
);


ALTER TABLE public.plan_workouts OWNER TO postgres;

--
-- Name: plan_workouts_id_plan_workouts_seq; Type: SEQUENCE; Schema: public; Owner: postgres
--

ALTER TABLE public.plan_workouts ALTER COLUMN id_plan_workouts ADD GENERATED BY DEFAULT AS IDENTITY (
    SEQUENCE NAME public.plan_workouts_id_plan_workouts_seq
    START WITH 1
    INCREMENT BY 1
    NO MINVALUE
    NO MAXVALUE
    CACHE 1
);


--
-- Name: roles; Type: TABLE; Schema: public; Owner: postgres
--

CREATE TABLE public.roles (
    id_role integer NOT NULL,
    role_name character varying(50) NOT NULL
);


ALTER TABLE public.roles OWNER TO postgres;

--
-- Name: roles_id_role_seq; Type: SEQUENCE; Schema: public; Owner: postgres
--

ALTER TABLE public.roles ALTER COLUMN id_role ADD GENERATED BY DEFAULT AS IDENTITY (
    SEQUENCE NAME public.roles_id_role_seq
    START WITH 1
    INCREMENT BY 1
    NO MINVALUE
    NO MAXVALUE
    CACHE 1
);


--
-- Name: training_exercises; Type: TABLE; Schema: public; Owner: postgres
--

CREATE TABLE public.training_exercises (
    id_training_exercise integer NOT NULL,
    workout_id integer NOT NULL,
    exercise_id integer NOT NULL,
    execution_order integer NOT NULL,
    repetitions integer NOT NULL,
    sets integer NOT NULL,
    rest_time integer NOT NULL
);


ALTER TABLE public.training_exercises OWNER TO postgres;

--
-- Name: training_exercises_id_training_exercise_seq; Type: SEQUENCE; Schema: public; Owner: postgres
--

ALTER TABLE public.training_exercises ALTER COLUMN id_training_exercise ADD GENERATED BY DEFAULT AS IDENTITY (
    SEQUENCE NAME public.training_exercises_id_training_exercise_seq
    START WITH 1
    INCREMENT BY 1
    NO MINVALUE
    NO MAXVALUE
    CACHE 1
);


--
-- Name: users; Type: TABLE; Schema: public; Owner: postgres
--

CREATE TABLE public.users (
    id_user integer NOT NULL,
    name character varying(50) NOT NULL,
    login character varying(50) NOT NULL,
    password text NOT NULL,
    email character varying(100) NOT NULL,
    role_id integer NOT NULL,
    metrics_user_id integer
);


ALTER TABLE public.users OWNER TO postgres;

--
-- Name: users_id_user_seq; Type: SEQUENCE; Schema: public; Owner: postgres
--

ALTER TABLE public.users ALTER COLUMN id_user ADD GENERATED BY DEFAULT AS IDENTITY (
    SEQUENCE NAME public.users_id_user_seq
    START WITH 1
    INCREMENT BY 1
    NO MINVALUE
    NO MAXVALUE
    CACHE 1
);


--
-- Name: workout_calendars; Type: TABLE; Schema: public; Owner: postgres
--

CREATE TABLE public.workout_calendars (
    id_workout_calendar integer NOT NULL,
    user_id integer NOT NULL,
    workout_id integer NOT NULL,
    status text,
    date timestamp with time zone NOT NULL
);


ALTER TABLE public.workout_calendars OWNER TO postgres;

--
-- Name: workout_calendars_id_workout_calendar_seq; Type: SEQUENCE; Schema: public; Owner: postgres
--

ALTER TABLE public.workout_calendars ALTER COLUMN id_workout_calendar ADD GENERATED BY DEFAULT AS IDENTITY (
    SEQUENCE NAME public.workout_calendars_id_workout_calendar_seq
    START WITH 1
    INCREMENT BY 1
    NO MINVALUE
    NO MAXVALUE
    CACHE 1
);


--
-- Name: workout_user_logs; Type: TABLE; Schema: public; Owner: postgres
--

CREATE TABLE public.workout_user_logs (
    id_workout_user_log integer NOT NULL,
    workout_user_id integer NOT NULL,
    workout_id integer NOT NULL,
    repetitions integer NOT NULL,
    sets integer NOT NULL,
    weight real NOT NULL,
    status text
);


ALTER TABLE public.workout_user_logs OWNER TO postgres;

--
-- Name: workout_user_logs_id_workout_user_log_seq; Type: SEQUENCE; Schema: public; Owner: postgres
--

ALTER TABLE public.workout_user_logs ALTER COLUMN id_workout_user_log ADD GENERATED BY DEFAULT AS IDENTITY (
    SEQUENCE NAME public.workout_user_logs_id_workout_user_log_seq
    START WITH 1
    INCREMENT BY 1
    NO MINVALUE
    NO MAXVALUE
    CACHE 1
);


--
-- Name: workout_users; Type: TABLE; Schema: public; Owner: postgres
--

CREATE TABLE public.workout_users (
    id_workout_users integer NOT NULL,
    user_id integer NOT NULL,
    workout_id integer NOT NULL,
    duration integer NOT NULL,
    date timestamp with time zone NOT NULL,
    status text
);


ALTER TABLE public.workout_users OWNER TO postgres;

--
-- Name: workout_users_id_workout_users_seq; Type: SEQUENCE; Schema: public; Owner: postgres
--

ALTER TABLE public.workout_users ALTER COLUMN id_workout_users ADD GENERATED BY DEFAULT AS IDENTITY (
    SEQUENCE NAME public.workout_users_id_workout_users_seq
    START WITH 1
    INCREMENT BY 1
    NO MINVALUE
    NO MAXVALUE
    CACHE 1
);


--
-- Name: workouts; Type: TABLE; Schema: public; Owner: postgres
--

CREATE TABLE public.workouts (
    id_workout integer NOT NULL,
    name text NOT NULL,
    description text NOT NULL,
    duration integer NOT NULL,
    complexity text NOT NULL,
    type_workout text NOT NULL
);


ALTER TABLE public.workouts OWNER TO postgres;

--
-- Name: workouts_id_workout_seq; Type: SEQUENCE; Schema: public; Owner: postgres
--

ALTER TABLE public.workouts ALTER COLUMN id_workout ADD GENERATED BY DEFAULT AS IDENTITY (
    SEQUENCE NAME public.workouts_id_workout_seq
    START WITH 1
    INCREMENT BY 1
    NO MINVALUE
    NO MAXVALUE
    CACHE 1
);


--
-- Data for Name: __EFMigrationsHistory; Type: TABLE DATA; Schema: public; Owner: postgres
--

COPY public."__EFMigrationsHistory" ("MigrationId", "ProductVersion") FROM stdin;
20260319104131_InitMigration	8.0.0
20260407144746_Initial	8.0.0
20260424060707_Mail	8.0.0
20260425062836_EmailChange	8.0.0
\.


--
-- Data for Name: application_logs; Type: TABLE DATA; Schema: public; Owner: postgres
--

COPY public.application_logs (id_application_log, action, entity_type, entity_id, user_id, details, created_at, status, error_message) FROM stdin;
1	LOGIN_SUCCESS	User	1	1	{"login":"admin","roleId":1}	2026-04-07 17:53:23.909234+03	SUCCESS	\N
2	LOGIN_SUCCESS	User	8	8	{"login":"manager","roleId":3}	2026-04-07 17:54:07.686503+03	SUCCESS	\N
3	LOGIN_SUCCESS	User	1	1	{"login":"admin","roleId":1}	2026-04-07 17:54:13.721118+03	SUCCESS	\N
4	LOGIN_SUCCESS	User	4	4	{"login":"matvey","roleId":2}	2026-04-07 17:58:05.16881+03	SUCCESS	\N
5	COMPLETE_WORKOUT_SESSION	WorkoutSession	\N	4	{"workoutId":2}	2026-04-07 18:43:03.040133+03	SUCCESS	\N
6	UPDATE_PROFILE	Profile	4	4	{"name":"Matvey"}	2026-04-07 18:43:46.107136+03	SUCCESS	\N
7	LOGIN	User	1	1	{"login":"admin","roleId":1,"timestamp":"2026-04-07T15:44:33.2365415Z"}	2026-04-07 18:44:33.239128+03	SUCCESS	\N
8	CREATE_USER	User	10	1	{"login":"sdgdsg","name":"dsgsdg"}	2026-04-07 18:44:59.993323+03	SUCCESS	\N
9	LOGIN_FAILED	User	1	1	{"login":"admin","reason":"Invalid password"}	2026-04-24 09:13:10.829195+03	ERROR	Invalid password
10	LOGIN_FAILED	User	1	1	{"login":"admin","reason":"Invalid password"}	2026-04-24 09:15:11.981392+03	ERROR	Invalid password
11	LOGIN_FAILED	User	1	1	{"login":"admin","reason":"Invalid password"}	2026-04-24 09:15:59.697522+03	ERROR	Invalid password
12	LOGIN	User	4	4	{"login":"matvey","roleId":2,"timestamp":"2026-04-24T06:16:14.4336183Z"}	2026-04-24 09:16:14.445737+03	SUCCESS	\N
13	PASSWORD_RESET	User	4	4	{"timestamp":"2026-04-25T05:16:38.9583244Z"}	2026-04-25 08:16:38.996763+03	SUCCESS	\N
14	LOGIN	User	4	4	{"login":"matvey","roleId":2,"timestamp":"2026-04-25T05:16:52.3444448Z"}	2026-04-25 08:16:52.357788+03	SUCCESS	\N
15	COMPLETE_WORKOUT_SESSION	WorkoutSession	\N	4	{"workoutId":2}	2026-04-25 08:25:06.009296+03	SUCCESS	\N
16	COMPLETE_WORKOUT_SESSION	WorkoutSession	\N	4	{"workoutId":1}	2026-04-25 08:40:12.308589+03	SUCCESS	\N
17	COMPLETE_WORKOUT_SESSION	WorkoutSession	\N	4	{"workoutId":1}	2026-04-25 08:40:20.919853+03	SUCCESS	\N
18	COMPLETE_WORKOUT_SESSION	WorkoutSession	\N	4	{"workoutId":1}	2026-04-25 08:46:55.393483+03	SUCCESS	\N
19	LOGIN	User	4	4	{"login":"matvey","roleId":2,"timestamp":"2026-04-25T07:09:40.7884499Z"}	2026-04-25 10:09:40.798391+03	SUCCESS	\N
20	LOGIN	User	4	4	{"login":"matvey","roleId":2,"timestamp":"2026-04-25T07:13:32.464566Z"}	2026-04-25 10:13:32.475019+03	SUCCESS	\N
21	LOGIN	User	4	4	{"login":"matvey","roleId":2,"timestamp":"2026-04-25T07:15:15.96128Z"}	2026-04-25 10:15:15.962803+03	SUCCESS	\N
22	LOGIN	User	4	4	{"login":"matvey","roleId":2,"timestamp":"2026-04-25T07:24:32.2449218Z"}	2026-04-25 10:24:32.257086+03	SUCCESS	\N
23	PASSWORD_RESET	User	4	4	{"timestamp":"2026-04-25T07:44:42.8510298Z"}	2026-04-25 10:44:42.859192+03	SUCCESS	\N
24	LOGIN	User	4	4	{"login":"matvey","roleId":2,"timestamp":"2026-04-25T07:45:00.3568271Z"}	2026-04-25 10:45:00.35943+03	SUCCESS	\N
25	PASSWORD_RESET	User	4	4	{"timestamp":"2026-04-25T07:49:47.3819611Z"}	2026-04-25 10:49:47.382036+03	SUCCESS	\N
26	LOGIN	User	4	4	{"login":"matvey","roleId":2,"timestamp":"2026-04-25T07:50:01.4249325Z"}	2026-04-25 10:50:01.425046+03	SUCCESS	\N
27	LOGIN	User	4	4	{"login":"matvey","roleId":2,"timestamp":"2026-04-25T10:05:10.0337056Z"}	2026-04-25 13:05:10.044775+03	SUCCESS	\N
28	UPDATE_PROFILE	Profile	4	4	{"name":null}	2026-04-25 13:11:36.763605+03	SUCCESS	\N
29	UPDATE_PROFILE	Profile	4	4	{"name":null}	2026-04-25 13:11:44.89925+03	SUCCESS	\N
30	PASSWORD_RESET	User	4	4	{"timestamp":"2026-04-25T10:13:44.6042375Z"}	2026-04-25 13:13:44.606899+03	SUCCESS	\N
31	COMPLETE_WORKOUT_SESSION	WorkoutSession	\N	4	{"workoutId":1}	2026-04-25 13:24:16.53379+03	SUCCESS	\N
32	COMPLETE_WORKOUT_SESSION	WorkoutSession	\N	4	{"workoutId":2}	2026-04-25 13:30:53.306524+03	SUCCESS	\N
33	COMPLETE_WORKOUT_SESSION	WorkoutSession	\N	4	{"workoutId":5}	2026-04-25 13:31:23.282848+03	SUCCESS	\N
34	COMPLETE_WORKOUT_SESSION	WorkoutSession	\N	4	{"workoutId":5}	2026-04-25 13:31:25.362504+03	SUCCESS	\N
35	UPDATE_PROFILE	Profile	4	4	{"name":"Matvey"}	2026-04-25 13:43:47.358137+03	SUCCESS	\N
36	UPDATE_PROFILE	Profile	4	4	{"name":null}	2026-04-25 14:05:42.036107+03	ERROR	Login already exists
37	UPDATE_PROFILE	Profile	4	4	{"name":null}	2026-04-25 14:05:50.209421+03	SUCCESS	\N
38	UPDATE_PROFILE	Profile	4	4	{"name":null}	2026-04-25 14:06:05.923248+03	SUCCESS	\N
39	UPDATE_PROFILE	Profile	4	4	{"name":null}	2026-04-25 14:13:29.246425+03	ERROR	Login already exists
40	UPDATE_PROFILE	Profile	4	4	{"name":null}	2026-04-25 14:13:55.521987+03	SUCCESS	\N
41	UPDATE_PROFILE	Profile	4	4	{"name":null}	2026-04-25 14:14:08.435612+03	SUCCESS	\N
42	UPDATE_PROFILE	Profile	4	4	{"name":"Matvey"}	2026-04-25 14:34:12.137913+03	SUCCESS	\N
44	UPDATE_PROFILE	Profile	4	4	{"name":"Matvey"}	2026-04-25 14:39:28.835807+03	SUCCESS	\N
43	UPDATE_PROFILE	Profile	4	4	{"name":"Matvey"}	2026-04-25 14:39:28.835708+03	SUCCESS	\N
45	UPDATE_PROFILE	Profile	4	4	{"name":"Matvey"}	2026-04-25 14:39:50.995845+03	SUCCESS	\N
46	UPDATE_PROFILE	Profile	4	4	{"name":"Matvey"}	2026-04-25 14:40:19.703419+03	SUCCESS	\N
47	UPDATE_PROFILE	Profile	4	4	{"name":"Matvey"}	2026-04-25 14:40:40.416642+03	SUCCESS	\N
48	UPDATE_PROFILE	Profile	4	4	{"name":"Matvey"}	2026-04-25 14:40:55.77162+03	SUCCESS	\N
49	UPDATE_PROFILE	Profile	4	4	{"name":"Matvey"}	2026-04-25 14:41:10.808681+03	SUCCESS	\N
50	UPDATE_PROFILE	Profile	4	4	{"name":"Matvey"}	2026-04-25 14:41:33.050678+03	SUCCESS	\N
51	UPDATE_PROFILE	Profile	4	4	{"name":"Matvey"}	2026-04-25 14:41:58.485625+03	SUCCESS	\N
52	UPDATE_PROFILE	Profile	4	4	{"name":"Matvey"}	2026-04-25 14:42:37.931853+03	SUCCESS	\N
53	UPDATE_PROFILE	Profile	4	4	{"name":"Matvey"}	2026-04-25 14:42:55.71564+03	SUCCESS	\N
54	UPDATE_PROFILE	Profile	4	4	{"name":"Matvey"}	2026-04-25 14:46:01.129778+03	SUCCESS	\N
55	UPDATE_PROFILE	Profile	4	4	{"name":"Matvey"}	2026-04-25 14:46:11.188783+03	SUCCESS	\N
56	UPDATE_PROFILE	Profile	4	4	{"name":"Matvey"}	2026-04-25 14:46:39.581464+03	SUCCESS	\N
57	UPDATE_PROFILE	Profile	4	4	{"name":"Matvey"}	2026-04-25 14:46:51.275275+03	SUCCESS	\N
58	UPDATE_PROFILE	Profile	4	4	{"name":"Matvey"}	2026-04-25 14:47:33.646199+03	SUCCESS	\N
59	UPDATE_PROFILE	Profile	4	4	{"name":"Matvey"}	2026-04-25 14:47:48.263012+03	SUCCESS	\N
60	UPDATE_PROFILE	Profile	4	4	{"name":"Matvey"}	2026-04-25 14:52:04.325902+03	SUCCESS	\N
61	UPDATE_PROFILE	Profile	4	4	{"name":"Matvey"}	2026-04-25 14:52:32.894054+03	SUCCESS	\N
62	UPDATE_PROFILE	Profile	4	4	{"name":"Matvey"}	2026-04-25 14:54:43.447023+03	SUCCESS	\N
63	UPDATE_PROFILE	Profile	4	4	{"name":"Matvey"}	2026-04-25 14:54:53.449269+03	SUCCESS	\N
64	UPDATE_PROFILE	Profile	4	4	{"name":"Matvey"}	2026-04-25 14:55:22.764017+03	SUCCESS	\N
65	UPDATE_PROFILE	Profile	4	4	{"name":"Matvey"}	2026-04-25 14:55:43.501269+03	SUCCESS	\N
66	UPDATE_PROFILE	Profile	4	4	{"name":"Matvey"}	2026-04-25 14:56:13.927735+03	SUCCESS	\N
67	UPDATE_PROFILE	Profile	4	4	{"name":"Matvey"}	2026-04-25 14:56:37.734968+03	SUCCESS	\N
68	UPDATE_PROFILE	Profile	4	4	{"name":"Matvey"}	2026-04-25 14:56:54.625456+03	SUCCESS	\N
69	UPDATE_PROFILE	Profile	4	4	{"name":"Matvey"}	2026-04-25 15:08:15.642731+03	SUCCESS	\N
70	UPDATE_PROFILE	Profile	4	4	{"name":"Matvey"}	2026-04-25 15:08:38.97987+03	SUCCESS	\N
71	UPDATE_PROFILE	Profile	4	4	{"name":"Matvey"}	2026-04-25 15:08:57.788501+03	SUCCESS	\N
72	UPDATE_PROFILE	Profile	4	4	{"name":"Matvey"}	2026-04-25 15:09:07.753331+03	SUCCESS	\N
73	LOGIN	User	4	4	{"login":"matvey","roleId":2,"timestamp":"2026-04-25T12:12:38.9983598Z"}	2026-04-25 15:12:39.017502+03	SUCCESS	\N
\.


--
-- Data for Name: email_change_codes; Type: TABLE DATA; Schema: public; Owner: postgres
--

COPY public.email_change_codes (id_email_change_code, user_id, new_email, code, expires_at, is_used) FROM stdin;
1	4	isip_m.a.tolstov@mpt.ru	587119	2026-04-25 10:33:09.239725+03	t
2	4	pisunochka@gmail.com	651734	2026-04-25 10:40:12.275523+03	t
3	4	pisunochka@gmail.com	195230	2026-04-25 13:27:16.578664+03	t
6	4	isip_m.a.tolstov@mpt.ru	363317	2026-04-25 13:43:00.33024+03	t
\.


--
-- Data for Name: exercise; Type: TABLE DATA; Schema: public; Owner: postgres
--

COPY public.exercise (id_exercise, name, description, complexity, picture_url) FROM stdin;
2	Приседания	Приседания с собственным весом	Легко	https://example.com/squat.jpg
3	Подтягивания	Подтягивания на перекладине	Сложно	https://example.com/pullup.jpg
4	Жим лежа	Жим штанги лежа на скамье	Сложно	https://example.com/bench_press.jpg
5	Становая тяга	Становая тяга со штангой	Сложно	https://example.com/deadlift.jpg
6	Планка	Статическое упражнение на пресс	Легко	https://example.com/plank.jpg
7	Выпады	Выпады с собственным весом	Среднее	https://example.com/lunges.jpg
8	Отжимания на брусьях	Отжимания на параллельных брусьях	Сложно	https://example.com/dips.jpg
1	Отжимания	Классические отжимания от пола	Легко	https://fitseven.ru/wp-content/uploads/2020/03/push-ups-02.jpg
9	sdgsdg	dsgsdg	Легко	https://encrypted-tbn0.gstatic.com/images?q=tbn:ANd9GcRv7NB3-K7GJ2X2XFRz8S7cM4g_W7tCyhDt9Q&s
\.


--
-- Data for Name: exercise_groups_muscles; Type: TABLE DATA; Schema: public; Owner: postgres
--

COPY public.exercise_groups_muscles (id_exercise_groups_muscle, exercise_id, groups_muscles_id) FROM stdin;
1	1	1
2	1	4
3	1	6
4	2	3
5	2	8
6	3	2
7	3	5
8	4	1
9	4	4
10	5	2
11	5	3
12	6	7
13	7	3
14	7	8
15	8	1
16	8	6
\.


--
-- Data for Name: goals; Type: TABLE DATA; Schema: public; Owner: postgres
--

COPY public.goals (id_goal, type_goal, target_weight, date_start, date_end, status) FROM stdin;
1	Похудение	75	2026-03-07 03:55:28.481603+03	2026-06-05 03:55:28.481603+03	Активна
2	Набор мышечной массы	85	2026-03-27 03:55:28.481603+03	2026-08-04 03:55:28.481603+03	Активна
3	Повышение выносливости	80	2026-04-06 03:55:28.481603+03	2026-07-05 03:55:28.481603+03	Активна
4	Похудение	35	2026-04-06 23:59:38.013966+03	2026-07-06 00:19:49.871304+03	Active
5	Набор мышечной массы	109	2026-04-07 01:52:18.804369+03	2026-07-24 15:09:07.723003+03	Active
\.


--
-- Data for Name: groups_muscles; Type: TABLE DATA; Schema: public; Owner: postgres
--

COPY public.groups_muscles (id_groups_muscle, name) FROM stdin;
1	Грудь
2	Спина
3	Ноги
4	Плечи
5	Бицепс
6	Трицепс
7	Пресс
8	Ягодицы
\.


--
-- Data for Name: metrics_users; Type: TABLE DATA; Schema: public; Owner: postgres
--

COPY public.metrics_users (id_metrics_user, height, weight, age, gender, experience_level, activity_level, "GoalId") FROM stdin;
1	178	82.5	27	Мужчина	Среднее	Умеренная	1
2	165	60	24	Женщина	Начинающий	Легкая	2
3	180	95	35	Мужчина	Продвинутое	Интенсивная	3
5	170	234	25	Женщина	Начинающий	Лёгкая	4
4	145	109	20	Мужчина	Начинающий	Умеренная	5
\.


--
-- Data for Name: password_reset_token; Type: TABLE DATA; Schema: public; Owner: postgres
--

COPY public.password_reset_token (id_password_reset_token, user_id, token_hash, expires_at, "IsUsed") FROM stdin;
4	4	B3748F68C9112E20C538682A2BCB5501BB713B149535059A0E9FC131BDD488AC	2026-04-25 08:23:07.550282+03	t
8	4	9E9249473F9181CC65292BC2FF0E618F2A0674B32097E7117DC234350E1AA449	2026-04-25 10:58:54.182077+03	t
9	4	1F89687A4F9D36AC00417E353AACDAF40B7101C710A113FED629100678330744	2026-04-25 11:03:11.962236+03	t
10	4	566F4ABBBE4960E937C7930AC1D3CCEC017DE4760AEB83B554747D0CC229B6B9	2026-04-25 13:27:59.298121+03	t
11	4	D262E48D3BA238229114C250AAD7551DFA6A900428C14E41E0A866E304F12A11	2026-04-25 13:52:15.276348+03	f
\.


--
-- Data for Name: plan_workouts; Type: TABLE DATA; Schema: public; Owner: postgres
--

COPY public.plan_workouts (id_plan_workouts, user_id, workout_id, status, source) FROM stdin;
\.


--
-- Data for Name: roles; Type: TABLE DATA; Schema: public; Owner: postgres
--

COPY public.roles (id_role, role_name) FROM stdin;
1	Admin
2	User
3	Manager
\.


--
-- Data for Name: training_exercises; Type: TABLE DATA; Schema: public; Owner: postgres
--

COPY public.training_exercises (id_training_exercise, workout_id, exercise_id, execution_order, repetitions, sets, rest_time) FROM stdin;
1	1	1	1	15	3	60
2	1	2	2	15	3	90
3	1	6	3	30	3	45
4	2	4	1	10	4	120
5	2	3	2	8	3	90
6	2	8	3	12	3	60
7	3	5	1	5	5	180
8	3	2	2	20	3	90
9	3	7	3	12	3	60
10	4	1	1	20	2	30
11	4	2	2	20	2	30
12	5	6	1	45	3	45
13	5	7	2	15	3	60
14	5	1	3	15	2	45
\.


--
-- Data for Name: users; Type: TABLE DATA; Schema: public; Owner: postgres
--

COPY public.users (id_user, name, login, password, email, role_id, metrics_user_id) FROM stdin;
3	test	test	$2a$11$flYOD6WbCldXj3mYA2hW4.MSQBQ4rvPEye8josvOpjYewDYjSBDZa	test@gmail.com	1	\N
1	admin	admin	$2a$11$Cg2OuC4dhytAv8ZiEOJrYua50iK//5KD1UcPaXnnJAG8HXxaO7nTa	admin@gmail.com	1	5
5	string	string	$2a$11$NOU7VsjTWn9arPozCNMcn.0qqzHgc.NdPlfms2FeTq2FbMR2Ui90K	user@example.com	1	5
8	manager	manager	$2a$11$US9BixDbZiR/K7Yf.Z6A3e6VYcdwN7BeEtT.l/O3Sc2ocgiDDke3W	manager@gmail.com	3	\N
9	asf	asfasf	$2a$11$HadryU5aLYwiPtjgrdhN8uzAGPM5xxfpzNmym7QmvFTzGZ1bn.KbG	asfasf@gmail.com	2	\N
10	dsgsdg	sdgdsg	$2a$11$J.IfCezGXcpZWSz/I8xGbO9zRHMLRnxZ.nnDxdqM5HcavNCKWNp/y	dsgsdg@gmail.com	2	\N
4	Matvey	matvey	$2a$11$XD3y/CyLQwrl7SyOZI0C.eQD99u/u23ME8lu2IaXHjEmRgzngACFO	isip_m.a.tolstov@mpt.ru	2	4
\.


--
-- Data for Name: workout_calendars; Type: TABLE DATA; Schema: public; Owner: postgres
--

COPY public.workout_calendars (id_workout_calendar, user_id, workout_id, status, date) FROM stdin;
2	1	2	Выполнена	2026-04-09 04:52:54.230971+03
4	1	3	Выполнена	2026-04-09 15:00:00+03
3	1	3	Выполнена	2026-04-11 15:00:00+03
6	1	1	Запланирована	2026-04-09 15:00:00+03
5	1	1	Выполнена	2026-04-09 15:00:00+03
7	1	4	Выполнена	2026-04-06 15:00:00+03
10	4	2	Выполнена	2026-04-06 15:00:00+03
11	4	2	Выполнена	2026-04-07 15:00:00+03
12	4	1	Запланирована	2026-04-09 15:00:00+03
13	4	1	Запланирована	2026-04-10 15:00:00+03
14	4	2	Выполнена	2026-04-25 15:00:00+03
18	4	1	Выполнена	2026-04-25 15:00:00+03
20	4	1	Запланирована	2026-04-06 15:00:00+03
21	4	5	Выполнена	2026-04-25 15:00:00+03
22	4	3	Запланирована	2026-04-25 15:00:00+03
\.


--
-- Data for Name: workout_user_logs; Type: TABLE DATA; Schema: public; Owner: postgres
--

COPY public.workout_user_logs (id_workout_user_log, workout_user_id, workout_id, repetitions, sets, weight, status) FROM stdin;
1	1	2	10	4	20	\N
2	1	2	8	3	20	\N
3	1	2	12	3	20	\N
4	2	1	15	3	20	\N
5	2	1	15	3	20	\N
6	2	1	30	3	20	\N
7	3	4	20	2	20	\N
8	3	4	20	2	20	\N
9	4	4	20	2	20	\N
10	4	4	20	2	20	\N
11	5	4	20	2	20	\N
12	5	4	20	2	20	\N
13	6	3	5	5	20	\N
14	6	3	20	3	20	\N
15	6	3	12	3	20	\N
16	7	3	5	5	20	\N
17	7	3	20	3	20	\N
18	7	3	12	3	20	\N
19	8	1	15	3	20	\N
20	8	1	15	3	20	\N
21	8	1	30	3	20	\N
22	9	2	10	4	20	\N
23	9	2	8	3	20	\N
24	9	2	12	3	20	\N
25	10	4	20	2	20	\N
26	10	4	20	2	20	\N
27	11	2	10	4	20	\N
28	11	2	8	3	20	\N
29	11	2	12	3	20	\N
30	12	2	10	4	20	\N
31	12	2	8	3	20	\N
32	12	2	12	3	20	\N
33	13	2	10	4	20	\N
34	13	2	8	3	20	\N
35	13	2	12	3	20	\N
36	14	1	15	3	20	\N
37	14	1	15	3	20	\N
38	14	1	30	3	20	\N
39	15	2	10	4	20	\N
40	15	2	8	3	20	\N
41	15	2	12	3	20	\N
42	16	2	10	4	0	\N
43	16	2	8	3	20	\N
44	16	2	12	3	20	\N
45	17	2	10	4	20	\N
46	17	2	8	3	0	\N
47	17	2	12	3	0	\N
48	18	2	10	4	20	\N
49	18	2	1	1	0	\N
50	18	2	12	3	20	\N
51	19	2	10	4	20	\N
52	19	2	8	3	20	\N
53	19	2	12	3	20	\N
54	20	2	10	4	20	\N
55	20	2	8	3	20	\N
56	20	2	12	3	20	\N
57	21	2	10	4	20	\N
58	21	2	8	3	20	\N
59	21	2	12	3	20	\N
60	22	1	15	3	20	\N
61	22	1	15	3	20	\N
62	22	1	30	3	20	\N
63	23	1	15	3	20	\N
64	23	1	15	3	20	\N
65	23	1	30	3	20	\N
66	24	1	15	3	20	\N
67	24	1	15	3	20	\N
68	24	1	30	3	20	\N
69	25	1	15	3	20	\N
70	25	1	15	3	20	\N
71	25	1	30	3	20	\N
72	26	2	10	4	0	\N
73	26	2	8	3	0	\N
74	26	2	12	3	20	\N
75	27	5	45	3	20	\N
76	27	5	15	3	20	\N
77	27	5	15	2	20	\N
78	28	5	45	3	20	\N
79	28	5	15	3	20	\N
80	28	5	15	2	20	\N
\.


--
-- Data for Name: workout_users; Type: TABLE DATA; Schema: public; Owner: postgres
--

COPY public.workout_users (id_workout_users, user_id, workout_id, duration, date, status) FROM stdin;
1	1	2	60	2026-04-07 00:50:20.945858+03	Завершена
2	1	1	45	2026-04-07 00:50:58.404953+03	Завершена
3	1	4	30	2026-04-07 00:53:04.665428+03	Завершена
4	1	4	30	2026-04-07 00:53:25.51576+03	Завершена
5	1	4	30	2026-04-07 00:54:07.128682+03	Завершена
6	1	3	50	2026-04-07 00:55:40.910977+03	Завершена
7	1	3	50	2026-04-07 00:55:53.27537+03	Завершена
8	1	1	45	2026-04-07 00:56:16.016654+03	Завершена
9	1	2	60	2026-04-07 01:01:44.508036+03	Завершена
10	1	4	30	2026-04-06 15:00:00+03	Завершена
11	4	2	60	2026-04-06 15:00:00+03	Завершена
12	4	2	60	2026-04-06 15:00:00+03	Завершена
13	4	2	60	2026-04-06 15:00:00+03	Завершена
14	4	1	45	2026-04-06 15:00:00+03	Завершена
15	4	2	60	2026-04-06 15:00:00+03	Завершена
16	4	2	60	2026-04-06 15:00:00+03	Завершена
17	4	2	60	2026-04-06 15:00:00+03	Завершена
18	4	2	60	2026-04-06 15:00:00+03	Завершена
19	4	2	60	2026-04-07 15:00:00+03	Завершена
20	4	2	60	2026-04-07 15:00:00+03	Завершена
21	4	2	60	2026-04-25 15:00:00+03	Завершена
22	4	1	45	2026-04-25 15:00:00+03	Завершена
23	4	1	45	2026-04-25 15:00:00+03	Завершена
24	4	1	45	2026-04-25 15:00:00+03	Завершена
25	4	1	45	2026-04-25 15:00:00+03	Завершена
26	4	2	60	2026-04-25 15:00:00+03	Завершена
27	4	5	55	2026-04-25 15:00:00+03	Завершена
28	4	5	55	2026-04-25 15:00:00+03	Завершена
\.


--
-- Data for Name: workouts; Type: TABLE DATA; Schema: public; Owner: postgres
--

COPY public.workouts (id_workout, name, description, duration, complexity, type_workout) FROM stdin;
1	Полное тело для новичков	Базовая тренировка для начинающих	45	Легко	Силовая
2	Верхняя часть тела	Тренировка верхней части тела	60	Среднее	Гипертрофия
3	Нижняя часть тела	Специализированная тренировка ног	50	Среднее	Силовая
4	HIIT кардио	Высокоинтенсивная интервальная тренировка	30	Сложно	Кардио
5	Функциональный тренинг	Функциональные движения с собственным весом	55	Среднее	Функциональная
\.


--
-- Name: application_logs_id_application_log_seq; Type: SEQUENCE SET; Schema: public; Owner: postgres
--

SELECT pg_catalog.setval('public.application_logs_id_application_log_seq', 73, true);


--
-- Name: email_change_codes_id_email_change_code_seq; Type: SEQUENCE SET; Schema: public; Owner: postgres
--

SELECT pg_catalog.setval('public.email_change_codes_id_email_change_code_seq', 6, true);


--
-- Name: exercise_groups_muscles_id_exercise_groups_muscle_seq; Type: SEQUENCE SET; Schema: public; Owner: postgres
--

SELECT pg_catalog.setval('public.exercise_groups_muscles_id_exercise_groups_muscle_seq', 16, true);


--
-- Name: exercise_id_exercise_seq; Type: SEQUENCE SET; Schema: public; Owner: postgres
--

SELECT pg_catalog.setval('public.exercise_id_exercise_seq', 9, true);


--
-- Name: goals_id_goal_seq; Type: SEQUENCE SET; Schema: public; Owner: postgres
--

SELECT pg_catalog.setval('public.goals_id_goal_seq', 5, true);


--
-- Name: groups_muscles_id_groups_muscle_seq; Type: SEQUENCE SET; Schema: public; Owner: postgres
--

SELECT pg_catalog.setval('public.groups_muscles_id_groups_muscle_seq', 8, true);


--
-- Name: metrics_users_id_metrics_user_seq; Type: SEQUENCE SET; Schema: public; Owner: postgres
--

SELECT pg_catalog.setval('public.metrics_users_id_metrics_user_seq', 5, true);


--
-- Name: password_reset_token_id_password_reset_token_seq; Type: SEQUENCE SET; Schema: public; Owner: postgres
--

SELECT pg_catalog.setval('public.password_reset_token_id_password_reset_token_seq', 11, true);


--
-- Name: plan_workouts_id_plan_workouts_seq; Type: SEQUENCE SET; Schema: public; Owner: postgres
--

SELECT pg_catalog.setval('public.plan_workouts_id_plan_workouts_seq', 1, false);


--
-- Name: roles_id_role_seq; Type: SEQUENCE SET; Schema: public; Owner: postgres
--

SELECT pg_catalog.setval('public.roles_id_role_seq', 4, true);


--
-- Name: training_exercises_id_training_exercise_seq; Type: SEQUENCE SET; Schema: public; Owner: postgres
--

SELECT pg_catalog.setval('public.training_exercises_id_training_exercise_seq', 14, true);


--
-- Name: users_id_user_seq; Type: SEQUENCE SET; Schema: public; Owner: postgres
--

SELECT pg_catalog.setval('public.users_id_user_seq', 10, true);


--
-- Name: workout_calendars_id_workout_calendar_seq; Type: SEQUENCE SET; Schema: public; Owner: postgres
--

SELECT pg_catalog.setval('public.workout_calendars_id_workout_calendar_seq', 22, true);


--
-- Name: workout_user_logs_id_workout_user_log_seq; Type: SEQUENCE SET; Schema: public; Owner: postgres
--

SELECT pg_catalog.setval('public.workout_user_logs_id_workout_user_log_seq', 80, true);


--
-- Name: workout_users_id_workout_users_seq; Type: SEQUENCE SET; Schema: public; Owner: postgres
--

SELECT pg_catalog.setval('public.workout_users_id_workout_users_seq', 28, true);


--
-- Name: workouts_id_workout_seq; Type: SEQUENCE SET; Schema: public; Owner: postgres
--

SELECT pg_catalog.setval('public.workouts_id_workout_seq', 6, true);


--
-- Name: __EFMigrationsHistory PK___EFMigrationsHistory; Type: CONSTRAINT; Schema: public; Owner: postgres
--

ALTER TABLE ONLY public."__EFMigrationsHistory"
    ADD CONSTRAINT "PK___EFMigrationsHistory" PRIMARY KEY ("MigrationId");


--
-- Name: application_logs PK_application_logs; Type: CONSTRAINT; Schema: public; Owner: postgres
--

ALTER TABLE ONLY public.application_logs
    ADD CONSTRAINT "PK_application_logs" PRIMARY KEY (id_application_log);


--
-- Name: email_change_codes PK_email_change_codes; Type: CONSTRAINT; Schema: public; Owner: postgres
--

ALTER TABLE ONLY public.email_change_codes
    ADD CONSTRAINT "PK_email_change_codes" PRIMARY KEY (id_email_change_code);


--
-- Name: exercise PK_exercise; Type: CONSTRAINT; Schema: public; Owner: postgres
--

ALTER TABLE ONLY public.exercise
    ADD CONSTRAINT "PK_exercise" PRIMARY KEY (id_exercise);


--
-- Name: exercise_groups_muscles PK_exercise_groups_muscles; Type: CONSTRAINT; Schema: public; Owner: postgres
--

ALTER TABLE ONLY public.exercise_groups_muscles
    ADD CONSTRAINT "PK_exercise_groups_muscles" PRIMARY KEY (id_exercise_groups_muscle);


--
-- Name: goals PK_goals; Type: CONSTRAINT; Schema: public; Owner: postgres
--

ALTER TABLE ONLY public.goals
    ADD CONSTRAINT "PK_goals" PRIMARY KEY (id_goal);


--
-- Name: groups_muscles PK_groups_muscles; Type: CONSTRAINT; Schema: public; Owner: postgres
--

ALTER TABLE ONLY public.groups_muscles
    ADD CONSTRAINT "PK_groups_muscles" PRIMARY KEY (id_groups_muscle);


--
-- Name: metrics_users PK_metrics_users; Type: CONSTRAINT; Schema: public; Owner: postgres
--

ALTER TABLE ONLY public.metrics_users
    ADD CONSTRAINT "PK_metrics_users" PRIMARY KEY (id_metrics_user);


--
-- Name: password_reset_token PK_password_reset_token; Type: CONSTRAINT; Schema: public; Owner: postgres
--

ALTER TABLE ONLY public.password_reset_token
    ADD CONSTRAINT "PK_password_reset_token" PRIMARY KEY (id_password_reset_token);


--
-- Name: plan_workouts PK_plan_workouts; Type: CONSTRAINT; Schema: public; Owner: postgres
--

ALTER TABLE ONLY public.plan_workouts
    ADD CONSTRAINT "PK_plan_workouts" PRIMARY KEY (id_plan_workouts);


--
-- Name: roles PK_roles; Type: CONSTRAINT; Schema: public; Owner: postgres
--

ALTER TABLE ONLY public.roles
    ADD CONSTRAINT "PK_roles" PRIMARY KEY (id_role);


--
-- Name: training_exercises PK_training_exercises; Type: CONSTRAINT; Schema: public; Owner: postgres
--

ALTER TABLE ONLY public.training_exercises
    ADD CONSTRAINT "PK_training_exercises" PRIMARY KEY (id_training_exercise);


--
-- Name: users PK_users; Type: CONSTRAINT; Schema: public; Owner: postgres
--

ALTER TABLE ONLY public.users
    ADD CONSTRAINT "PK_users" PRIMARY KEY (id_user);


--
-- Name: workout_calendars PK_workout_calendars; Type: CONSTRAINT; Schema: public; Owner: postgres
--

ALTER TABLE ONLY public.workout_calendars
    ADD CONSTRAINT "PK_workout_calendars" PRIMARY KEY (id_workout_calendar);


--
-- Name: workout_user_logs PK_workout_user_logs; Type: CONSTRAINT; Schema: public; Owner: postgres
--

ALTER TABLE ONLY public.workout_user_logs
    ADD CONSTRAINT "PK_workout_user_logs" PRIMARY KEY (id_workout_user_log);


--
-- Name: workout_users PK_workout_users; Type: CONSTRAINT; Schema: public; Owner: postgres
--

ALTER TABLE ONLY public.workout_users
    ADD CONSTRAINT "PK_workout_users" PRIMARY KEY (id_workout_users);


--
-- Name: workouts PK_workouts; Type: CONSTRAINT; Schema: public; Owner: postgres
--

ALTER TABLE ONLY public.workouts
    ADD CONSTRAINT "PK_workouts" PRIMARY KEY (id_workout);


--
-- Name: IX_email_change_codes_user_id; Type: INDEX; Schema: public; Owner: postgres
--

CREATE INDEX "IX_email_change_codes_user_id" ON public.email_change_codes USING btree (user_id);


--
-- Name: IX_exercise_groups_muscles_exercise_id; Type: INDEX; Schema: public; Owner: postgres
--

CREATE INDEX "IX_exercise_groups_muscles_exercise_id" ON public.exercise_groups_muscles USING btree (exercise_id);


--
-- Name: IX_exercise_groups_muscles_groups_muscles_id; Type: INDEX; Schema: public; Owner: postgres
--

CREATE INDEX "IX_exercise_groups_muscles_groups_muscles_id" ON public.exercise_groups_muscles USING btree (groups_muscles_id);


--
-- Name: IX_metrics_users_GoalId; Type: INDEX; Schema: public; Owner: postgres
--

CREATE INDEX "IX_metrics_users_GoalId" ON public.metrics_users USING btree ("GoalId");


--
-- Name: IX_password_reset_token_user_id; Type: INDEX; Schema: public; Owner: postgres
--

CREATE INDEX "IX_password_reset_token_user_id" ON public.password_reset_token USING btree (user_id);


--
-- Name: IX_plan_workouts_user_id; Type: INDEX; Schema: public; Owner: postgres
--

CREATE INDEX "IX_plan_workouts_user_id" ON public.plan_workouts USING btree (user_id);


--
-- Name: IX_plan_workouts_workout_id; Type: INDEX; Schema: public; Owner: postgres
--

CREATE INDEX "IX_plan_workouts_workout_id" ON public.plan_workouts USING btree (workout_id);


--
-- Name: IX_training_exercises_exercise_id; Type: INDEX; Schema: public; Owner: postgres
--

CREATE INDEX "IX_training_exercises_exercise_id" ON public.training_exercises USING btree (exercise_id);


--
-- Name: IX_training_exercises_workout_id; Type: INDEX; Schema: public; Owner: postgres
--

CREATE INDEX "IX_training_exercises_workout_id" ON public.training_exercises USING btree (workout_id);


--
-- Name: IX_users_metrics_user_id; Type: INDEX; Schema: public; Owner: postgres
--

CREATE INDEX "IX_users_metrics_user_id" ON public.users USING btree (metrics_user_id);


--
-- Name: IX_users_role_id; Type: INDEX; Schema: public; Owner: postgres
--

CREATE INDEX "IX_users_role_id" ON public.users USING btree (role_id);


--
-- Name: IX_workout_calendars_user_id; Type: INDEX; Schema: public; Owner: postgres
--

CREATE INDEX "IX_workout_calendars_user_id" ON public.workout_calendars USING btree (user_id);


--
-- Name: IX_workout_calendars_workout_id; Type: INDEX; Schema: public; Owner: postgres
--

CREATE INDEX "IX_workout_calendars_workout_id" ON public.workout_calendars USING btree (workout_id);


--
-- Name: IX_workout_user_logs_workout_id; Type: INDEX; Schema: public; Owner: postgres
--

CREATE INDEX "IX_workout_user_logs_workout_id" ON public.workout_user_logs USING btree (workout_id);


--
-- Name: IX_workout_user_logs_workout_user_id; Type: INDEX; Schema: public; Owner: postgres
--

CREATE INDEX "IX_workout_user_logs_workout_user_id" ON public.workout_user_logs USING btree (workout_user_id);


--
-- Name: IX_workout_users_user_id; Type: INDEX; Schema: public; Owner: postgres
--

CREATE INDEX "IX_workout_users_user_id" ON public.workout_users USING btree (user_id);


--
-- Name: IX_workout_users_workout_id; Type: INDEX; Schema: public; Owner: postgres
--

CREATE INDEX "IX_workout_users_workout_id" ON public.workout_users USING btree (workout_id);


--
-- Name: email_change_codes FK_email_change_codes_users_user_id; Type: FK CONSTRAINT; Schema: public; Owner: postgres
--

ALTER TABLE ONLY public.email_change_codes
    ADD CONSTRAINT "FK_email_change_codes_users_user_id" FOREIGN KEY (user_id) REFERENCES public.users(id_user) ON DELETE CASCADE;


--
-- Name: exercise_groups_muscles FK_exercise_groups_muscles_exercise_exercise_id; Type: FK CONSTRAINT; Schema: public; Owner: postgres
--

ALTER TABLE ONLY public.exercise_groups_muscles
    ADD CONSTRAINT "FK_exercise_groups_muscles_exercise_exercise_id" FOREIGN KEY (exercise_id) REFERENCES public.exercise(id_exercise) ON DELETE CASCADE;


--
-- Name: exercise_groups_muscles FK_exercise_groups_muscles_groups_muscles_groups_muscles_id; Type: FK CONSTRAINT; Schema: public; Owner: postgres
--

ALTER TABLE ONLY public.exercise_groups_muscles
    ADD CONSTRAINT "FK_exercise_groups_muscles_groups_muscles_groups_muscles_id" FOREIGN KEY (groups_muscles_id) REFERENCES public.groups_muscles(id_groups_muscle) ON DELETE CASCADE;


--
-- Name: metrics_users FK_metrics_users_goals_GoalId; Type: FK CONSTRAINT; Schema: public; Owner: postgres
--

ALTER TABLE ONLY public.metrics_users
    ADD CONSTRAINT "FK_metrics_users_goals_GoalId" FOREIGN KEY ("GoalId") REFERENCES public.goals(id_goal) ON DELETE CASCADE;


--
-- Name: password_reset_token FK_password_reset_token_users_user_id; Type: FK CONSTRAINT; Schema: public; Owner: postgres
--

ALTER TABLE ONLY public.password_reset_token
    ADD CONSTRAINT "FK_password_reset_token_users_user_id" FOREIGN KEY (user_id) REFERENCES public.users(id_user) ON DELETE CASCADE;


--
-- Name: plan_workouts FK_plan_workouts_users_user_id; Type: FK CONSTRAINT; Schema: public; Owner: postgres
--

ALTER TABLE ONLY public.plan_workouts
    ADD CONSTRAINT "FK_plan_workouts_users_user_id" FOREIGN KEY (user_id) REFERENCES public.users(id_user) ON DELETE CASCADE;


--
-- Name: plan_workouts FK_plan_workouts_workouts_workout_id; Type: FK CONSTRAINT; Schema: public; Owner: postgres
--

ALTER TABLE ONLY public.plan_workouts
    ADD CONSTRAINT "FK_plan_workouts_workouts_workout_id" FOREIGN KEY (workout_id) REFERENCES public.workouts(id_workout) ON DELETE CASCADE;


--
-- Name: training_exercises FK_training_exercises_exercise_exercise_id; Type: FK CONSTRAINT; Schema: public; Owner: postgres
--

ALTER TABLE ONLY public.training_exercises
    ADD CONSTRAINT "FK_training_exercises_exercise_exercise_id" FOREIGN KEY (exercise_id) REFERENCES public.exercise(id_exercise) ON DELETE CASCADE;


--
-- Name: training_exercises FK_training_exercises_workouts_workout_id; Type: FK CONSTRAINT; Schema: public; Owner: postgres
--

ALTER TABLE ONLY public.training_exercises
    ADD CONSTRAINT "FK_training_exercises_workouts_workout_id" FOREIGN KEY (workout_id) REFERENCES public.workouts(id_workout) ON DELETE CASCADE;


--
-- Name: users FK_users_metrics_users_metrics_user_id; Type: FK CONSTRAINT; Schema: public; Owner: postgres
--

ALTER TABLE ONLY public.users
    ADD CONSTRAINT "FK_users_metrics_users_metrics_user_id" FOREIGN KEY (metrics_user_id) REFERENCES public.metrics_users(id_metrics_user);


--
-- Name: users FK_users_roles_role_id; Type: FK CONSTRAINT; Schema: public; Owner: postgres
--

ALTER TABLE ONLY public.users
    ADD CONSTRAINT "FK_users_roles_role_id" FOREIGN KEY (role_id) REFERENCES public.roles(id_role) ON DELETE CASCADE;


--
-- Name: workout_calendars FK_workout_calendars_users_user_id; Type: FK CONSTRAINT; Schema: public; Owner: postgres
--

ALTER TABLE ONLY public.workout_calendars
    ADD CONSTRAINT "FK_workout_calendars_users_user_id" FOREIGN KEY (user_id) REFERENCES public.users(id_user) ON DELETE CASCADE;


--
-- Name: workout_calendars FK_workout_calendars_workouts_workout_id; Type: FK CONSTRAINT; Schema: public; Owner: postgres
--

ALTER TABLE ONLY public.workout_calendars
    ADD CONSTRAINT "FK_workout_calendars_workouts_workout_id" FOREIGN KEY (workout_id) REFERENCES public.workouts(id_workout) ON DELETE CASCADE;


--
-- Name: workout_user_logs FK_workout_user_logs_workout_users_workout_user_id; Type: FK CONSTRAINT; Schema: public; Owner: postgres
--

ALTER TABLE ONLY public.workout_user_logs
    ADD CONSTRAINT "FK_workout_user_logs_workout_users_workout_user_id" FOREIGN KEY (workout_user_id) REFERENCES public.workout_users(id_workout_users) ON DELETE CASCADE;


--
-- Name: workout_user_logs FK_workout_user_logs_workouts_workout_id; Type: FK CONSTRAINT; Schema: public; Owner: postgres
--

ALTER TABLE ONLY public.workout_user_logs
    ADD CONSTRAINT "FK_workout_user_logs_workouts_workout_id" FOREIGN KEY (workout_id) REFERENCES public.workouts(id_workout) ON DELETE CASCADE;


--
-- Name: workout_users FK_workout_users_users_user_id; Type: FK CONSTRAINT; Schema: public; Owner: postgres
--

ALTER TABLE ONLY public.workout_users
    ADD CONSTRAINT "FK_workout_users_users_user_id" FOREIGN KEY (user_id) REFERENCES public.users(id_user) ON DELETE CASCADE;


--
-- Name: workout_users FK_workout_users_workouts_workout_id; Type: FK CONSTRAINT; Schema: public; Owner: postgres
--

ALTER TABLE ONLY public.workout_users
    ADD CONSTRAINT "FK_workout_users_workouts_workout_id" FOREIGN KEY (workout_id) REFERENCES public.workouts(id_workout) ON DELETE CASCADE;


--
-- PostgreSQL database dump complete
--

\unrestrict u78w4Mc071w8GB4x9Awx30n3zoN9nG8NPcRke4AuVLKPToaTm0v7PCf7uxCI42c

